date,node,beat,provider,model,est_usd,note
2026-07-19,t3-trial,01,wan,wan2.7-t2v,0.00,provider free quota (list-price $1.00), trial shot A
2026-07-19,t3-trial,02,wan,wan2.7-t2v,0.00,provider free quota (list-price $1.00), trial shot B
2026-07-19,t3-trial,03,wan,wan2.7-t2v,0.00,provider free quota (list-price $1.00), trial shot C
2026-07-19,001,01,wan,wan2.7-t2v-2026-06-12,0.00,provider free quota (list-price $1.00)
2026-07-19,001,02,wan,wan2.7-t2v-2026-06-12,0.00,provider free quota (list-price $1.00)
2026-07-19,001,03,wan,wan2.7-t2v-2026-06-12,0.00,provider free quota (list-price $1.00)
2026-07-19,001,04,wan,wan2.7-t2v-2026-06-12,0.00,provider free quota (list-price $1.00)
2026-07-19,001,05,wan,wan2.7-t2v-2026-06-12,0.00,provider free quota (list-price $1.00)
2026-07-19,002b,01,wan,wan2.7-t2v-2026-04-25,0.00,provider free quota (list-price $1.00)
2026-07-19,002b,02,wan,wan2.7-t2v-2026-04-25,0.00,provider free quota (list-price $1.00)
2026-07-19,002b,03,wan,wan2.7-t2v-2026-04-25,0.00,provider free quota (list-price $1.00)
2026-07-19,002b,04,wan,wan2.7-t2v-2026-04-25,0.00,provider free quota (list-price $1.00)
2026-07-19,002b,05,wan,wan2.7-t2v-2026-04-25,0.00,provider free quota (list-price $1.00)
2026-07-19,003b,01,wan,wan2.6-t2v,0.00,provider free quota (list-price $1.50)
2026-07-19,003b,02,wan,wan2.6-t2v,0.00,provider free quota (list-price $1.50)
2026-07-19,003b,03,wan,wan2.6-t2v,0.00,provider free quota (list-price $1.50)
2026-07-19,003b,04,wan,wan2.6-t2v,0.00,provider free quota (list-price $1.50)
2026-07-19,004,01,wan,wan2.5-t2v-preview,0.00,provider free quota (list-price $0.50)
2026-07-19,004,02,wan,wan2.5-t2v-preview,0.00,provider free quota (list-price $0.50)
2026-07-19,004,03,wan,wan2.5-t2v-preview,0.00,provider free quota (list-price $0.50)
2026-07-19,004,04,wan,wan2.5-t2v-preview,0.00,provider free quota (list-price $0.50)
2026-07-19,005,01,wan,wan2.7-t2v,0.00,provider free quota (list-price $1.00)
2026-07-19,005,02,wan,wan2.7-t2v,0.00,provider free quota (list-price $1.00)
2026-07-19,005,03,wan,wan2.6-t2v,0.00,provider free quota (list-price $1.50)
2026-07-19,005,04,wan,wan2.5-t2v-preview,0.00,provider free quota (list-price $0.50)
2026-07-20,006a,01,wan,wan2.2-t2v-plus,0.00,provider free quota (list-price $0.25)
2026-07-20,006a,02,wan,wan2.2-t2v-plus,0.00,provider free quota (list-price $0.25)
2026-07-20,006a,03,wan,wan2.2-t2v-plus,0.00,provider free quota (list-price $0.25)
2026-07-20,006a,04,wan,wan2.2-t2v-plus,0.00,provider free quota (list-price $0.25)
2026-07-20,006b,01,wan,wan2.1-t2v-plus,0.00,provider free quota (list-price $0.25)
2026-07-20,006b,02,wan,wan2.1-t2v-plus,0.00,provider free quota (list-price $0.25)
2026-07-20,006b,03,wan,wan2.1-t2v-plus,0.00,provider free quota (list-price $0.25)
2026-07-20,006b,04,wan,wan2.1-t2v-plus,0.00,provider free quota (list-price $0.25)
2026-07-21,006a,01,wan-i2v,wan2.7-i2v-2026-04-25,0.00,free quota (list ~$1.00), anime re-shoot
2026-07-21,006a,02,wan-i2v,wan2.7-i2v-2026-04-25,0.00,free quota (list ~$1.00), anime re-shoot
2026-07-21,006a,03,wan-i2v,wan2.7-i2v-2026-04-25,0.00,free quota (list ~$1.00), anime re-shoot
2026-07-21,006a,03,wan-i2v,wan2.7-i2v-2026-04-25,0.00,free quota (list ~$1.00), anime re-shoot-alt1
2026-07-21,006a,03,wan-i2v,wan2.7-i2v-2026-04-25,0.00,free quota (list ~$1.00), anime re-shoot-alt2
2026-07-21,006a,04,wan-i2v,wan2.7-i2v-2026-04-25,0.00,free quota (list ~$1.00), anime re-shoot
2026-07-21,006a,04,wan-i2v,wan2.7-i2v-2026-04-25,0.00,free quota (list ~$1.00), anime re-shoot-alt1
2026-07-21,006b,01,wan-i2v,wan2.7-i2v-2026-04-25,0.00,free quota (list ~$1.00), anime re-shoot
2026-07-21,006b,02,wan-i2v,wan2.7-i2v-2026-04-25,0.00,free quota (list ~$1.00), anime re-shoot
2026-07-21,006b,02,wan-i2v,wan2.7-i2v-2026-04-25,0.00,free quota (list ~$1.00), anime re-shoot-alt1
2026-07-21,006b,03,wan-i2v,wan2.7-i2v-2026-04-25,0.00,free quota (list ~$1.00), anime re-shoot
2026-07-21,006b,04,wan-i2v,wan2.7-i2v-2026-04-25,0.00,free quota (list ~$1.00), anime re-shoot
2026-07-21,006a,02,wan-i2v,wan2.7-i2v-2026-04-25,0.00,free quota, no-face retake
2026-07-21,006a,03,wan-i2v,wan2.7-i2v-2026-04-25,0.00,free quota, no-face retake
2026-07-21,006b,02,wan-i2v,wan2.7-i2v-2026-04-25,0.00,free quota, no-face retake
2026-07-22,007a,01,wan-i2v,wan2.7-i2v-2026-04-25,0.00,free quota (list ~$1.00), anime re-shoot
2026-07-22,007a,02,wan-i2v,wan2.7-i2v-2026-04-25,0.00,free quota (list ~$1.00), anime re-shoot
2026-07-22,007a,02,wan-i2v,wan2.7-i2v-2026-04-25,0.00,free quota (list ~$1.00), anime re-shoot-alt1
2026-07-22,007a,03,wan-i2v,wan2.7-i2v-2026-04-25,0.00,free quota (list ~$1.00), anime re-shoot
2026-07-22,007a,03,wan-i2v,wan2.7-i2v-2026-04-25,0.00,free quota (list ~$1.00), anime re-shoot-alt1
2026-07-22,007a,04,wan-i2v,wan2.7-i2v-2026-04-25,0.00,free quota (list ~$1.00), anime re-shoot
2026-07-22,007a,04,wan-i2v,wan2.7-i2v-2026-04-25,0.00,free quota (list ~$1.00), anime re-shoot-alt1
2026-07-22,007a,05,wan-i2v,wan2.7-i2v-2026-04-25,0.00,free quota (list ~$1.00), anime re-shoot
2026-07-27,001,01,wan,wan2.7-i2v-2026-04-25,0.40,
2026-07-28,001,01,fal,fal-ai/minimax/hailuo-2.3/standard/image-to-video,0.34,
2026-07-29,001,00,runpod,rtx-a5000+3090,0.22,"fires 3+4: pods launched with swallowed output, workers never delivered, terminated"
2026-07-29,001,00,runpod,rtx4090,0.01,"stills round beats 4 (2 min @ $0.22/hr)"
2026-07-29,001,00,runpod,rtx4090,0.00,"stills round beats 4 (1 min @ $0.22/hr)"
2026-07-29,001,00,runpod,rtx4090,0.02,"stills round beats 4 (6 min @ $0.22/hr)"
2026-07-29,001,00,runpod,rtx4090,0.01,"stills round beats 4 (3 min @ $0.22/hr)"
2026-07-29,001,00,runpod,rtx4090,0.01,"stills round beats 4,6 (4 min @ $0.22/hr)"
2026-07-29,001,00,runpod,rtx4090,0.01,"stills round beats 6 (3 min @ $0.22/hr)"
2026-07-29,001,00,runpod,rtx4090,0.01,"stills round beats 6 (2 min @ $0.22/hr)"
2026-07-29,001,00,runpod,rtx4090,0.01,"stills round beats 6 (3 min @ $0.22/hr)"
2026-07-29,001,00,runpod,rtx4090,0.02,"stills round beats 6 (4 min @ $0.22/hr)"
2026-07-29,001,00,runpod,rtx4090,0.03,"stills round beats 6 (8 min @ $0.19/hr)"
2026-07-29,001,00,runpod,rtx4090,0.03,"stills round beats 6 (2 min @ $0.69/hr)"
2026-07-29,001,00,runpod,rtx4090,0.03,"stills round beats 6 (3 min @ $0.69/hr)"
2026-07-29,001,00,runpod,rtx4090,0.02,"stills round beats 6 (2 min @ $0.69/hr)"
2026-07-29,001,00,runpod,rtx4090,0.07,"stills round beats 7 (6 min @ $0.69/hr)"
